,request,conversation_id,word1,word2,word1_idf,word2_idf,number_of_characters,number_of_words,avg_word_length,number_of_unique_words,avg_tf,average_idf,average_tf_idf
263,Generate a random password with length 8 and complexity 4.,29132,8,password,5.184988681241034,7.1308988302963465,58,10,5.8,10,0.1,4.539276895782308,0.4539276895782308
175,"Generate a password with 8 characters, including a symbol and a number.",18228,8,password,5.184988681241034,7.1308988302963465,71,12,5.916666666666667,10,0.1,4.542548639864787,0.3948689560616757
297,"Generate a password that follows the following criteria:

• Must contain at least 8 characters
• Must include upper and lowercase letters
• Must include a least one number
• Must include at least one special character",33132,8,password,5.184988681241034,7.1308988302963465,222,37,6.0,24,0.041666666666666664,4.80518047483112,0.17624497705762393
338,"Please create a random password which contains 8 letters, 2 numbers and 2 symbols.",40745,8,password,5.184988681241034,7.1308988302963465,82,14,5.857142857142857,13,0.0769230769230769,4.171190453951742,0.32160779317040616
29,Create a password for email that includes 8 characters.,3198,8,password,5.184988681241034,7.1308988302963465,55,9,6.111111111111111,9,0.1111111111111111,4.340270010570705,0.48225222339674506
181,"Generate a random password that contains at least 8 characters, with one uppercase, one lowercase, and one number.",18736,8,password,5.184988681241034,7.1308988302963465,114,18,6.333333333333333,16,0.0625,3.947215233300804,0.2590091868272736
296,"Given the username @Cleto55, generate a suitable password that contains 8 characters, at least one uppercase, one lowercase, one number, and one special symbol.",33112,8,password,5.184988681241034,7.1308988302963465,160,24,6.666666666666667,21,0.0476190476190476,4.357459632768205,0.2166699761815234
239,Generate a password which is 8 characters long and contains both numbers and letters,25943,8,password,5.184988681241034,7.1308988302963465,84,14,6.0,13,0.0769230769230769,4.57844752415328,0.33660006071196896
234,"Generate a password that is 8 characters long, using at least one letter, one number, and one special character like ~!@#$%^&*",25083,8,password,5.184988681241034,7.1308988302963465,126,21,6.0,19,0.05263157894736842,4.29474213457637,0.23126136499850514
39,Generate a computer password with at least 8 characters.,4539,8,password,5.184988681241034,7.1308988302963465,56,9,6.222222222222222,9,0.1111111111111111,4.36285693901746,0.48476188211305116
269,Generate a password of 8 characters consisting of alphanumeric characters and symbols.,29527,8,password,5.184988681241034,7.1308988302963465,86,12,7.166666666666667,10,0.1,3.4611916675214793,0.3739638426928516
372,Generate a password containing 8 characters with one number and one special character.,45981,8,password,5.184988681241034,7.1308988302963465,86,13,6.615384615384615,12,0.08333333333333331,4.519194958961125,0.3778782715565918
83,Write a code to generate a random password with 8 characters.,9561,8,password,5.184988681241034,7.1308988302963465,61,11,5.545454545454546,10,0.1,4.220813451903929,0.39150094920789846
229,"Generate a random password with at least 8 characters, containing upper- and lowercase letters.",24404,8,password,5.184988681241034,7.1308988302963465,95,14,6.785714285714286,14,0.07142857142857141,4.5735507048783495,0.3266821932055964
48,"Generate a password that meets the following criteria: at least 8 characters long and must contain any two of the following: numbers, lowercase letters, uppercase letters and special characters.",5191,8,password,5.184988681241034,7.1308988302963465,194,29,6.689655172413793,27,0.037037037037037035,4.5990452244279325,0.1619472817486771
79,"Generate a password that is 8 characters in length and contains at least 1 uppercase letter, 1 lowercase letter, 1 special character and 1 number.",8722,8,password,5.184988681241034,7.1308988302963465,146,25,5.84,20,0.05000000000000001,4.617894124758342,0.2231305079223042
220,"Generate a random password with length 8 and containing one capital letter, one number, and one special character.",22554,8,password,5.184988681241034,7.1308988302963465,114,18,6.333333333333333,15,0.06666666666666667,4.750631521908211,0.31176180846592466
212,Create a password with 8 characters which includes two numbers.,22090,8,password,5.184988681241034,7.1308988302963465,63,10,6.3,10,0.1,4.11561484725703,0.41156148472570303
171,Create a complex password with a minimum of 8 characters.,17883,8,password,5.184988681241034,7.1308988302963465,57,10,5.7,9,0.1111111111111111,4.185075158397837,0.42830145748354986
107,Generate a password of 8 characters that contains one uppercase letter and one number.,12233,8,password,5.184988681241034,7.1308988302963465,86,14,6.142857142857143,13,0.0769230769230769,4.182684086163274,0.3242970822113096
201,Generate a random password of length 8 that contains at least one number and one special character.,20729,8,password,5.184988681241034,7.1308988302963465,99,17,5.823529411764706,16,0.06249999999999999,4.219090602130195,0.26470375690154785
315,"Generate a random password with 8 characters, consisting of lower and upper-case letters and numbers.",36924,8,password,5.184988681241034,7.1308988302963465,101,15,6.733333333333333,14,0.07142857142857142,4.278207608677596,0.2971208028731096
1,Generate a password of 8 characters.,102,8,password,5.184988681241034,7.1308988302963465,36,6,6.0,6,0.16666666666666666,3.4217598354161587,0.5702933059026931
123,Generate a computer password that is 8 characters long,13797,8,password,5.184988681241034,7.1308988302963465,54,9,6.0,9,0.1111111111111111,4.443999885385971,0.49377776504288556
304,"Generate a password which is secure, easy to remember and has a minimum length of 8 characters.",35161,8,password,5.184988681241034,7.1308988302963465,95,17,5.588235294117647,16,0.06249999999999999,4.269620185682303,0.2542562820313736
328,"Generate a password with more than 8 characters that includes an upper case letter, a lower case letter, a symbol and a number.",37962,8,password,5.184988681241034,7.1308988302963465,127,23,5.521739130434782,18,0.05555555555555555,4.680986253396879,0.22897668193719492
160,"Generate a random password with 8 characters containing at least one number, one special character, one capital letter and one lowercase letter.",17173,8,password,5.184988681241034,7.1308988302963465,144,22,6.545454545454546,19,0.05263157894736842,4.887781820764062,0.2579194074233271
130,"Create a password for the account with at least 8 characters, 1 uppercase letter, 1 lowercase letter, and 2 numbers.",14219,8,password,5.184988681241034,7.1308988302963465,116,20,5.8,18,0.05555555555555555,4.295609851979345,0.23230290430886733
141,"Transfer the following sentence from the active to the passive voice: ""I am writing a book.""",15481,active,passive,5.472670753692815,5.0206856299497575,92,16,5.75,14,0.07142857142857142,3.265306013342408,0.20956293786123004
345,Identify if the following phrase is passive or active voice. Output “Passive” or “Active”.,42451,active,passive,5.472670753692815,5.0206856299497575,90,14,6.428571428571429,13,0.0769230769230769,3.1079203927347576,0.25143036168049976
185,"Convert this sentence from passive to active -
The door was opened by her",18808,active,passive,5.472670753692815,5.0206856299497575,74,14,5.285714285714286,14,0.07142857142857141,2.8702405187360704,0.20501717990971927
131,Change the verb in the sentence from the passive to an active form,14228,active,passive,5.472670753692815,5.0206856299497575,66,13,5.076923076923077,11,0.09090909090909091,3.031366076419183,0.23992823606588126
347,The given text is written in passive voice. Rewrite the sentence in active voice.,42684,active,passive,5.472670753692815,5.0206856299497575,81,14,5.785714285714286,12,0.08333333333333331,3.1148849391859317,0.23034415600292205
191,"Rewrite this sentence in an active voice:

The party was attended by everyone",19767,active,by,5.472670753692815,3.892220378131966,79,13,6.076923076923077,13,0.0769230769230769,4.10268231079565,0.3155909469842808
137,"Convert the sentence from passive to active voice: ""The student was given a laptop by his parents.""",15121,active,passive,5.472670753692815,5.0206856299497575,99,17,5.823529411764706,17,0.058823529411764705,3.553811070027941,0.20904771000164357
142,"Rewrite the following sentence using the active voice:

The assignment was finished by the student.",15561,active,by,5.472670753692815,3.892220378131966,101,15,6.733333333333333,13,0.07692307692307693,3.991563973763073,0.2734126809539775
350,"Given the following sentence, determine whether it is active or passive voice",42992,active,passive,5.472670753692815,5.0206856299497575,77,12,6.416666666666667,12,0.08333333333333333,3.7832212335412017,0.31526843612843347
193,"Classify the following sentence as an example of active or passive voice: 

""The sun rose slowly in the east""",20366,active,passive,5.472670753692815,5.0206856299497575,111,19,5.842105263157895,18,0.055555555555555546,3.406021225269307,0.1810395987477221
352,Determine whether the provided sentence is in the passive or active voice.,43113,active,passive,5.472670753692815,5.0206856299497575,74,12,6.166666666666667,11,0.09090909090909091,3.2887505323315036,0.2781227754923138
68,"Change the following sentence from the passive voice to the active voice:
The painting was created by the artist.",7740,active,passive,5.472670753692815,5.0206856299497575,114,19,6.0,16,0.0625,3.9648005257351175,0.21444351401482672
133,"Edit the following sentence to write it in the active voice:

""A new policy regarding customer service has been implemented by the company.""",14398,active,by,5.472670753692815,3.892220378131966,142,23,6.173913043478261,21,0.04761904761904761,3.1827995893150396,0.1406255829737299
77,Transform this sentence from the passive voice to the active voice.,8551,active,passive,5.472670753692815,5.0206856299497575,67,11,6.090909090909091,10,0.1,3.3167360019579526,0.3065044656573862
184,"Convert this sentence from passive to active -
The door was opened by her",18808,active,by,5.472670753692815,3.892220378131966,74,14,5.285714285714286,14,0.07142857142857141,2.8702405187360704,0.20501717990971927
301,Edit this sentence to make it active “The flowers were watered by her.”,33791,active,by,5.472670753692815,3.892220378131966,71,13,5.461538461538462,13,0.0769230769230769,4.11885405362822,0.3168349272021708
331,"Re-word the following sentence to use active voice:

""The door was shut by Sarah.""",38798,active,by,5.472670753692815,3.892220378131966,84,14,6.0,14,0.07142857142857141,2.7462253601152553,0.19615895429394678
162,"Rewrite the following sentence in the active voice:

The possibility of winning was thought to be impossible by many.",17188,active,by,5.472670753692815,3.892220378131966,119,19,6.2631578947368425,18,0.055555555555555546,2.9203531241160103,0.1558009058730262
335,"Convert the following sentence into a complete sentence using the active voice:
The flower was watered by Mary",39874,active,by,5.472670753692815,3.892220378131966,111,18,6.166666666666667,16,0.0625,3.730774293468377,0.2209500435165312
173,Categorize this sentence as passive or active voice,18071,active,passive,5.472670753692815,5.0206856299497575,51,8,6.375,8,0.125,4.029951957715572,0.5037439947144465
95,"Change this sentence to the active voice: ""The ball was caught by the boy.""",10477,active,by,5.472670753692815,3.892220378131966,75,14,5.357142857142857,13,0.0769230769230769,3.6655289008342633,0.26573871579339703
156,"Convert the following sentence from active to passive voice.
The police arrested the suspect.",16737,active,passive,5.472670753692815,5.0206856299497575,94,14,6.714285714285714,13,0.0769230769230769,2.8491047328034615,0.2079820213450061
64,Classify the given sentence as active or passive voice.,7469,active,passive,5.472670753692815,5.0206856299497575,55,9,6.111111111111111,9,0.1111111111111111,3.1407722929957096,0.34897469922174545
340,"Rewrite the following sentence to use an active voice:

The school was visited by the mayor yesterday.",40841,active,by,5.472670753692815,3.892220378131966,104,17,6.117647058823529,16,0.06249999999999999,3.650461421437743,0.21707797111230767
309,Convert this sentence from it's active form to it's passive form,36011,active,passive,5.472670753692815,5.0206856299497575,64,11,5.818181818181818,9,0.1111111111111111,3.60376360092195,0.3936305349790226
152,Rewrite the following sentence using the active voice: The flowers were planted by my brother.,16613,active,by,5.472670753692815,3.892220378131966,94,15,6.266666666666667,14,0.07142857142857142,4.492072396924777,0.3027196780334026
90,Convert this sentence from active voice to passive voice: “The team finished the project on time.”,10076,active,passive,5.472670753692815,5.0206856299497575,98,16,6.125,16,0.0625,3.90336387469584,0.24396024216849
119,"Rewrite this sentence ""The mouse was eaten by the cat."" in active voice.",13538,active,by,5.472670753692815,3.892220378131966,72,13,5.538461538461538,13,0.0769230769230769,3.8598307824695226,0.29691006018996335
183,Change this sentence from active to passive voice - Jack bought a new car.,18800,active,passive,5.472670753692815,5.0206856299497575,74,14,5.285714285714286,14,0.07142857142857141,3.763119646043587,0.2687942604316848
87,Rewrite this sentence using the active voice: The data was analyzed by the team,9994,active,by,5.472670753692815,3.892220378131966,79,14,5.642857142857143,13,0.0769230769230769,3.9216224916912625,0.2835960903762518
313,"Change the following sentence from passive to active voice:
The new product was launched yesterday",36582,active,passive,5.472670753692815,5.0206856299497575,99,15,6.6,15,0.06666666666666667,4.191514834726806,0.2794343223151204
323,Rewrite the following sentence so that it uses an active voice instead of a passive one.,37547,active,passive,5.472670753692815,5.0206856299497575,88,16,5.5,16,0.0625,3.6070776730270215,0.22544235456418885
86,Is the following sentence written in the active or passive voice?,9943,active,passive,5.472670753692815,5.0206856299497575,65,11,5.909090909090909,10,0.1,3.1576983899375963,0.2920465009282629
258,"Rewrite the following sentence using the active voice:

The app was downloaded by more than 1 million users.",27923,active,by,5.472670753692815,3.892220378131966,110,18,6.111111111111111,17,0.058823529411764705,4.170938977710505,0.23374894766070567
67,"Change the following sentence from the passive voice to the active voice:
The painting was created by the artist.",7740,active,by,5.472670753692815,3.892220378131966,114,19,6.0,16,0.0625,3.9648005257351175,0.21444351401482672
207,Convert this sentence written in passive voice to an active voice sentence.,21532,active,passive,5.472670753692815,5.0206856299497575,75,12,6.25,11,0.09090909090909091,3.5172067914832086,0.34821393478984786
240,Rewrite the sentence in active voice: The study was written by Dr. Susan Smith.,26109,active,by,5.472670753692815,3.892220378131966,79,14,5.642857142857143,14,0.07142857142857141,3.887719006256203,0.2776942147325859
380,Describe the difference between active and passive voice.,46935,active,passive,5.472670753692815,5.0206856299497575,57,8,7.125,8,0.125,3.472812850913158,0.43410160636414474
206,Identify whether this sentence is written in active or passive voice.,21531,active,passive,5.472670753692815,5.0206856299497575,69,11,6.2727272727272725,11,0.09090909090909091,3.6830794477102407,0.3348254043372947
386,"Given two sentences, determine which one is written in active voice and which one is written in passive voice.",47521,active,passive,5.472670753692815,5.0206856299497575,110,19,5.7894736842105265,14,0.07142857142857141,3.8761298519990244,0.2834603820378226
245,"Change the following sentence to active voice:
""The tent was pitched by the students.",26406,active,by,5.472670753692815,3.892220378131966,86,14,6.142857142857143,13,0.0769230769230769,2.8813038518818828,0.21028195842203615
22,Identify if the given sentence is using the active or passive voice.,2711,active,passive,5.472670753692815,5.0206856299497575,68,12,5.666666666666667,11,0.09090909090909091,3.179848446397267,0.26904760166446073
21,Change the following sentence to the active voice: The presentation was given by our manager.,2517,active,by,5.472670753692815,3.892220378131966,93,15,6.2,14,0.07142857142857142,3.4520247761726077,0.23305835149274956
392,"Change the syntax of the sentence to active voice :""The delicious dinner was made by him"".",48233,active,by,5.472670753692815,3.892220378131966,90,16,5.625,15,0.06666666666666667,4.522339065943721,0.28493007163286993
18,Transform this sentence from active to passive voice:,2318,active,passive,5.472670753692815,5.0206856299497575,53,8,6.625,8,0.125,3.357189869920426,0.41964873374005324
36,"Rewrite the following paragraph, replacing the passive voice with active voice where appropriate.",4122,active,passive,5.472670753692815,5.0206856299497575,97,13,7.461538461538462,11,0.09090909090909091,3.3713178708362577,0.32078165156568395
247,"Convert the following sentence from the active to the passive voice.
""John ran the marathon""",26604,active,passive,5.472670753692815,5.0206856299497575,93,15,6.2,12,0.08333333333333333,2.4929666412030294,0.17716040013486106
395,"Rewrite the following sentence with active voice:
""The form was filled out by me.""",49113,active,by,5.472670753692815,3.892220378131966,83,14,5.928571428571429,14,0.07142857142857141,3.848928089092084,0.27492343493514887
249,"Change this sentence from passive to active voice:

The new policy was announced by the mayor.",27003,active,by,5.472670753692815,3.892220378131966,96,16,6.0,16,0.0625,3.509532116392924,0.21934575727455774
250,"Change this sentence from passive to active voice:

The new policy was announced by the mayor.",27003,active,passive,5.472670753692815,5.0206856299497575,96,16,6.0,16,0.0625,3.509532116392924,0.21934575727455774
251,Determine if the following sentence is active or passive voice – “The decision was made by them”.,27033,active,by,5.472670753692815,3.892220378131966,97,17,5.705882352941177,17,0.058823529411764705,3.914130670443837,0.23024298061434337
252,Determine if the following sentence is active or passive voice – “The decision was made by them”.,27033,active,passive,5.472670753692815,5.0206856299497575,97,17,5.705882352941177,17,0.058823529411764705,3.914130670443837,0.23024298061434337
402,"Rewrite this sentence in the active voice: ""The test was taken by Emily yesterday"".",50182,active,by,5.472670753692815,3.892220378131966,83,14,5.928571428571429,14,0.07142857142857141,3.6299452000459076,0.25928180000327905
5,Change the sentence from passive to active voice.,752,active,passive,5.472670753692815,5.0206856299497575,49,8,6.125,8,0.125,3.020595697645747,0.3775744622057184
4,Change the sentences from active voice to passive voice.,685,active,passive,5.472670753692815,5.0206856299497575,56,9,6.222222222222222,9,0.1111111111111111,3.7816824548000976,0.42018693942223306
254,"Rewrite the following text in an active voice: ""The apples were picked by me"".",27305,active,by,5.472670753692815,3.892220378131966,78,14,5.571428571428571,14,0.07142857142857141,3.4884489560061973,0.24917492542901407
16,"Rewrite the following sentence in active voice: 
The ball was thrown by Jack.",2198,active,by,5.472670753692815,3.892220378131966,78,13,6.0,13,0.0769230769230769,3.5085349310640983,0.269887302389546
375,Explain the differences between active and passive transport.,46551,active,passive,5.472670753692815,5.0206856299497575,61,8,7.625,8,0.125,3.4594723996342354,0.4324340499542794
385,Identify the passive and active voice used in the following sentence.,47369,active,passive,5.472670753692815,5.0206856299497575,69,11,6.2727272727272725,10,0.1,3.0688047836690653,0.2839652639947601
136,"Convert the sentence from passive to active voice: ""The student was given a laptop by his parents.""",15121,active,by,5.472670753692815,3.892220378131966,99,17,5.823529411764706,17,0.058823529411764705,3.553811070027941,0.20904771000164357
360,Give an example of an active sentence and passive sentence.,43991,active,passive,5.472670753692815,5.0206856299497575,59,10,5.9,9,0.1111111111111111,2.9815634820229238,0.3257423701531719
223,Convert the given sentence written in the active voice to passive voice.,23197,active,passive,5.472670753692815,5.0206856299497575,72,12,6.0,11,0.09090909090909091,3.27242508530033,0.2767623215730494
365,Rewrite the following sentence using active voice instead of passive voice: The game was watched by hundreds of viewers.,44813,active,by,5.472670753692815,3.892220378131966,120,19,6.315789473684211,18,0.055555555555555546,4.0437242851694,0.21583450586445796
366,Rewrite the following sentence using active voice instead of passive voice: The game was watched by hundreds of viewers.,44813,active,passive,5.472670753692815,5.0206856299497575,120,19,6.315789473684211,18,0.055555555555555546,4.0437242851694,0.21583450586445796
209,Detect if the following sentence is written in passive or active voice.,21577,active,passive,5.472670753692815,5.0206856299497575,71,12,5.916666666666667,12,0.08333333333333333,3.0779255239124317,0.2564937936593693
278,Rewrite this sentence using active voice: The instructions were given by me,30805,active,by,5.472670753692815,3.892220378131966,75,12,6.25,12,0.08333333333333333,4.267257440359214,0.3556047866966011
42,"Rewrite the following in an active voice:

The car was driven by the woman",4608,active,by,5.472670753692815,3.892220378131966,76,14,5.428571428571429,13,0.0769230769230769,3.8771136394864163,0.2800688668360752
227,"Convert the following sentence into active voice:

The beach was walked by me.",24137,active,by,5.472670753692815,3.892220378131966,80,13,6.153846153846154,13,0.0769230769230769,3.1403389357608607,0.24156453352006618
43,"Transform the following passive voice sentence into active voice, and maintain the meaning of the sentence.",4623,active,passive,5.472670753692815,5.0206856299497575,107,16,6.6875,14,0.07142857142857142,3.38174608899661,0.21634214149622408
44,Edit the following sentence to use the active voice instead of passive voice.,4843,active,passive,5.472670753692815,5.0206856299497575,77,13,5.923076923076923,12,0.08333333333333331,3.563931366302353,0.2775216817323838
283,"Change the following sentence from active to passive voice: ""I changed the plan""",31272,active,passive,5.472670753692815,5.0206856299497575,80,13,6.153846153846154,12,0.08333333333333331,3.3843289949900726,0.26454939348179757
256,Describe the effects of air pollution,27411,air,pollution,5.809142990314028,7.824046010856292,37,6,6.166666666666667,6,0.16666666666666666,4.01111744899367,0.6685195748322783
394,Identify a ways to reduce air pollution in an urban area,48933,air,pollution,5.809142990314028,7.824046010856292,56,11,5.090909090909091,11,0.09090909090909091,4.3984771862753105,0.39986156238866455
158,Name two types of air pollution and describe how each affects human health.,16960,air,pollution,5.809142990314028,7.824046010856292,75,13,5.769230769230769,13,0.0769230769230769,4.139352669578405,0.31841174381372345
12,Identify the most important cause of air pollution in the cities.,1734,air,pollution,5.809142990314028,7.824046010856292,65,11,5.909090909090909,10,0.1,3.6504722734268684,0.33684412670001496
318,Identify the contributing factors of air pollution,37044,air,pollution,5.809142990314028,7.824046010856292,50,7,7.142857142857143,7,0.14285714285714282,4.175313559407636,0.5964733656296622
290,List three ways to reduce air pollution,32038,air,pollution,5.809142990314028,7.824046010856292,39,7,5.571428571428571,7,0.14285714285714282,5.0261389872964095,0.7180198553280585
400,Explain the main cause of air pollution in the following city.,50075,air,pollution,5.809142990314028,7.824046010856292,62,11,5.636363636363637,10,0.1,3.4264115297439406,0.3164749681833851
348,Write a hypothesis why there is a relationship between air pollution and asthma.,42701,air,pollution,5.809142990314028,7.824046010856292,80,13,6.153846153846154,12,0.08333333333333331,4.1457715184495765,0.32417916230430305
253,Explain why air pollution is a global problem.,27285,air,pollution,5.809142990314028,7.824046010856292,46,8,5.75,8,0.125,4.327040939249426,0.5408801174061783
353,Compare and contrast the impacts of air pollution on both urban and rural places.,43127,air,pollution,5.809142990314028,7.824046010856292,81,14,5.785714285714286,13,0.0769230769230769,4.605035652373951,0.34041283166793523
287,Make a prediction about the impacts of increased air pollution on the global climate,31665,air,pollution,5.809142990314028,7.824046010856292,84,14,6.0,13,0.0769230769230769,4.618538287280681,0.33250574053306275
217,Propose a strategy to reduce air pollution in a city.,22381,air,pollution,5.809142990314028,7.824046010856292,53,10,5.3,9,0.1111111111111111,3.9113010643132946,0.40092404807509546
85,Propose solutions to reduce air pollution,9672,air,pollution,5.809142990314028,7.824046010856292,41,6,6.833333333333333,6,0.16666666666666666,5.268024219630926,0.8780040366051545
88,Select the correct word to fill in the blank: The air pollution in the city is getting ____.,10019,air,pollution,5.809142990314028,7.824046010856292,92,18,5.111111111111111,15,0.06666666666666668,4.534771216381896,0.2613580429710524
389,Write a 150-word essay on the effects of air pollution in cities.,47665,air,pollution,5.809142990314028,7.824046010856292,65,12,5.416666666666667,12,0.08333333333333333,3.399701447923653,0.28330845399363774
167,Compare and contrast the effects of climate change and air pollution,17543,air,pollution,5.809142990314028,7.824046010856292,68,11,6.181818181818182,10,0.1,4.111253811039939,0.3899871132235442
241,What is one way to reduce air pollution in urban areas?,26303,air,pollution,5.809142990314028,7.824046010856292,55,11,5.0,11,0.09090909090909091,4.320871468085748,0.39280649709870435
381,Formulate a set of research questions for a study about the prevalence of air pollution in five major cities,46942,air,pollution,5.809142990314028,7.824046010856292,108,19,5.684210526315789,17,0.058823529411764705,3.9092026680876333,0.21055856789979563
180,Name five common sources of air pollution,18599,air,pollution,5.809142990314028,7.824046010856292,41,7,5.857142857142857,7,0.14285714285714282,4.631589109923368,0.6616555871319098
246,Propose a plan to reduce air pollution in urban areas.,26516,air,pollution,5.809142990314028,7.824046010856292,54,10,5.4,10,0.1,4.317482405454886,0.43174824054548866
384,How could the government reduce air pollution from transport?,47357,air,pollution,5.809142990314028,7.824046010856292,61,9,6.777777777777778,9,0.1111111111111111,4.878419202344562,0.5420465780382846
100,Name two methods to reduce air pollution,10828,air,pollution,5.809142990314028,7.824046010856292,40,7,5.714285714285714,7,0.14285714285714282,4.589354288805232,0.6556220412578903
27,Suggest some ideas on how to reduce air pollution in Beijing.,3145,air,pollution,5.809142990314028,7.824046010856292,61,11,5.545454545454546,11,0.09090909090909091,4.192192887011823,0.3811084442738021
367,Generate the main points for a presentation about the impact of air pollution in cities.,45152,air,pollution,5.809142990314028,7.824046010856292,88,15,5.866666666666666,14,0.07142857142857142,3.4343272634403372,0.23139128957483557
219,Generate a new sentence by changing the verb-ing form to its base form.,22407,changing,by,5.472670753692815,3.892220378131966,71,13,5.461538461538462,13,0.0769230769230769,3.4050845979558666,0.2619295844581436
177,Edit the paragraph by changing the verb tenses of the verbs in the paragraph to the past tense.,18477,changing,by,5.472670753692815,3.892220378131966,95,18,5.277777777777778,13,0.07692307692307693,3.235277903779888,0.2131972046439512
189,Rewrite a sentence by changing the verb,19218,changing,by,5.472670753692815,3.892220378131966,39,7,5.571428571428571,7,0.14285714285714282,2.8244197143565586,0.4034885306223655
190,Edit the following sentence by changing the tense:,19478,changing,by,5.472670753692815,3.892220378131966,50,8,6.25,7,0.14285714285714285,2.778928292739115,0.3583286606470485
150,Rewrite the following sentence without changing the meaning: His car was wrecked by a careless driver.,16479,changing,by,5.472670753692815,3.892220378131966,102,16,6.375,15,0.06666666666666667,3.300266459920861,0.20931182709357024
151,Rewrite the following sentence without changing the meaning: The plane was delayed by two hours.,16491,changing,by,5.472670753692815,3.892220378131966,96,15,6.4,14,0.07142857142857142,3.8889242890758817,0.2625098041768096
172,Paraphrase the sentence by changing at least 5 words starting with the word “The”,17967,changing,by,5.472670753692815,3.892220378131966,81,14,5.785714285714286,13,0.0769230769230769,3.764835731920605,0.27176427281372095
218,Rewrite the given sentence by changing its voice.,22398,changing,by,5.472670753692815,3.892220378131966,49,8,6.125,8,0.125,2.9590432412092036,0.36988040515115045
192,Correct the given sentence by changing grammatical errors.,19900,changing,by,5.472670753692815,3.892220378131966,58,8,7.25,8,0.125,3.2510022636449296,0.4063752829556162
303,"Edit the sentence by changing the grammatical categories (e.g., change a noun to a verb).",33962,changing,by,5.472670753692815,3.892220378131966,89,15,5.933333333333334,13,0.07692307692307693,3.681920186974567,0.25295521831330436
314,Format the text by changing the font size and style.,36727,changing,by,5.472670753692815,3.892220378131966,52,10,5.2,9,0.1111111111111111,4.0375572614030135,0.4100200827429637
163,Edit the sentence by changing one or two words in order to make it grammatically accurate.,17229,changing,by,5.472670753692815,3.892220378131966,90,16,5.625,16,0.0625,3.2567913138590834,0.2035494571161927
0,"Based on the information provided, rewrite the sentence by changing its tense from past to future.",22,changing,by,5.472670753692815,3.892220378131966,98,16,6.125,15,0.06666666666666667,3.788187145356676,0.23904557659617956
356,Reword the sentence by changing its tense to the past.,43621,changing,by,5.472670753692815,3.892220378131966,54,10,5.4,9,0.1111111111111111,3.3904922944401115,0.3453135860466735
377,Take the given piano composition and edit it by changing 2 chords.,46592,changing,by,5.472670753692815,3.892220378131966,66,12,5.5,12,0.08333333333333333,3.797178868275309,0.3164315723562757
259,Improve the given recipe by adding a new ingredient or changing the quantity or type of ingredients.,28354,changing,by,5.472670753692815,3.892220378131966,100,17,5.882352941176471,15,0.06666666666666667,3.881759277169027,0.245240782496478
71,Rewrite the sentence by changing the verb into its past tense,8152,changing,by,5.472670753692815,3.892220378131966,61,11,5.545454545454546,10,0.1,3.8420827606217696,0.35370959401800295
127,Re-write the given sentence by changing any two words.,13900,changing,by,5.472670753692815,3.892220378131966,54,9,6.0,9,0.1111111111111111,2.972171778968795,0.33024130877431057
322,"We define a harmonious array as an array where the difference between its maximum value and its minimum value is exactly 1.

Given an integer array nums, return the length of its longest harmonious subsequence among all its possible subsequences.

A subsequence of array is a sequence that can be derived from the array by deleting some or no elements without changing the order of the remaining elements.",37442,changing,by,5.472670753692815,3.892220378131966,409,68,6.014705882352941,49,0.02040816326530612,4.669532374103018,0.08901099480242206
103,Edit this text by reducing the word count without changing its meaning.,11742,changing,by,5.472670753692815,3.892220378131966,71,12,5.916666666666667,12,0.08333333333333333,4.432471730365421,0.3693726441971184
114,Transform the given sentence by changing the adjectives.,12682,changing,by,5.472670753692815,3.892220378131966,56,8,7.0,7,0.14285714285714285,2.764406746901911,0.35651346741739803
96,"Edit the following sentence to make it concise without changing its meaning: ""The ball that was pitchforked over the high fence by the player"".",10520,changing,by,5.472670753692815,3.892220378131966,143,24,5.958333333333333,22,0.04545454545454544,4.009787064896637,0.1693583410487472
129,How does climate change affect people living in coastal regions?,13997,does,affect,4.710530701645918,7.418580902748128,64,10,6.4,10,0.1,4.761389361783925,0.4761389361783926
232,How does the endocannabinoid system affect the immune system?,24551,does,affect,4.710530701645918,7.418580902748128,61,9,6.777777777777778,8,0.125,4.397075549132542,0.5007446432976814
40,How does social media affect the way we communicate?,4558,does,affect,4.710530701645918,7.418580902748128,52,9,5.777777777777778,9,0.1111111111111111,4.416309371645417,0.49070104129393516
369,How does the aging process affect the heart?,45661,does,affect,4.710530701645918,7.418580902748128,44,8,5.5,7,0.14285714285714285,4.456678304993791,0.5707880681925479
336,How does social media affect children's mental health?,39899,does,affect,4.710530701645918,7.418580902748128,54,8,6.75,8,0.125,5.640385601830721,0.7050482002288401
178,How does gravity affect the motion of an object?,18559,does,affect,4.710530701645918,7.418580902748128,48,9,5.333333333333333,9,0.1111111111111111,3.1299496771991118,0.34777218635545687
295,How does artificial intelligence affect human employment?,32902,does,affect,4.710530701645918,7.418580902748128,57,7,8.142857142857142,7,0.14285714285714282,5.485915903537664,0.7837022719339517
91,How does exercise affect the body?,10147,does,affect,4.710530701645918,7.418580902748128,34,6,5.666666666666667,6,0.16666666666666666,4.8232625721921485,0.803877095365358
361,How does the fishing industry affect the environment?,44104,does,affect,4.710530701645918,7.418580902748128,53,8,6.625,7,0.14285714285714285,4.4381513119553615,0.5684721940627441
187,How does ocean acidification affect marine life?,19071,does,affect,4.710530701645918,7.418580902748128,48,7,6.857142857142857,7,0.14285714285714282,6.515897502380724,0.9308425003401034
188,How does the moon affect the tides?,19074,does,affect,4.710530701645918,7.418580902748128,35,7,5.0,6,0.16666666666666663,4.751342054079203,0.694424042089399
80,How does the presence of renewable energy affect the environment?,8966,does,affect,4.710530701645918,7.418580902748128,65,10,6.5,9,0.1111111111111111,4.460581757666884,0.45232253236935077
214,How does hydrogen bonding affect the boiling point of water?,22254,does,affect,4.710530701645918,7.418580902748128,60,10,6.0,10,0.1,4.417231538426376,0.44172315384263755
282,How does the presence of oceanic heat storage affect the climate?,31201,does,affect,4.710530701645918,7.418580902748128,65,11,5.909090909090909,10,0.1,4.227775954845224,0.390038138261077
61,How does a given variable affect the statistical analysis results?,7382,does,affect,4.710530701645918,7.418580902748128,66,10,6.6,10,0.1,4.781217272182805,0.47812172721828056
179,How does global warming affect sea levels?,18562,does,affect,4.710530701645918,7.418580902748128,42,7,6.0,7,0.14285714285714282,6.636176301662499,0.9480251859517855
233,How does heat affect the rate of a chemical reaction?,24670,does,affect,4.710530701645918,7.418580902748128,53,10,5.3,10,0.1,3.387744221079031,0.33877442210790315
204,How does climate change affect agriculture?,21227,does,affect,4.710530701645918,7.418580902748128,43,6,7.166666666666667,6,0.16666666666666666,5.803213858659698,0.9672023097766165
324,How does the addition of water affect the boiling point of a substance?,37596,does,affect,4.710530701645918,7.418580902748128,71,13,5.461538461538462,11,0.09090909090909091,4.1247635169919885,0.32809797128063367
118,How does air pressure affect the environment?,13537,does,affect,4.710530701645918,7.418580902748128,45,7,6.428571428571429,7,0.14285714285714282,5.240161113550146,0.748594444792878
255,How does the temperature affect the speed of sound?,27383,does,affect,4.710530701645918,7.418580902748128,51,9,5.666666666666667,8,0.125,4.377037862290227,0.4944580025171801
237,How does the internet affect our everyday lives?,25593,does,affect,4.710530701645918,7.418580902748128,48,8,6.0,8,0.125,5.499205360237643,0.6874006700297054
138,How does an animal's diet affect its behavior?,15171,does,affect,4.710530701645918,7.418580902748128,46,8,5.75,8,0.125,5.1632809729115134,0.6454101216139392
312,How does the Patriot act affect civil liberties?,36291,does,affect,4.710530701645918,7.418580902748128,48,8,6.0,8,0.125,2.513523313316082,0.31419041416451027
378,How does radioactivity affect organisms?,46637,does,affect,4.710530701645918,7.418580902748128,40,5,8.0,5,0.2,6.064555802197023,1.2129111604394047
379,How does wintering affect flowering for hazel trees?,46867,does,affect,4.710530701645918,7.418580902748128,52,8,6.5,8,0.125,4.686711046985203,0.5858388808731504
317,How does the development of artificial intelligence affect society?,37034,does,affect,4.710530701645918,7.418580902748128,67,9,7.444444444444445,9,0.1111111111111111,4.2647061970097955,0.47385624411219945
55,Find an interesting fact related to the following topic,6695,interesting,fact,5.083205986931091,6.437751649736401,55,9,6.111111111111111,9,0.1111111111111111,3.2679972025035866,0.3631108002781762
76,Tell one interesting fact about the American Civil War.,8537,interesting,fact,5.083205986931091,6.437751649736401,55,9,6.111111111111111,9,0.1111111111111111,3.7505779384391813,0.41673088204879793
235,Tell me an interesting fact about Bulgaria.,25124,interesting,fact,5.083205986931091,6.437751649736401,43,7,6.142857142857143,7,0.14285714285714282,4.172016366337911,0.5960023380482731
236,Generate a unique and interesting fact about the pandas.,25552,interesting,fact,5.083205986931091,6.437751649736401,56,9,6.222222222222222,9,0.1111111111111111,2.4448114006121853,0.27164571117913167
139,Generate an interesting fact about a given topic.,15345,interesting,fact,5.083205986931091,6.437751649736401,49,8,6.125,8,0.125,3.1243846139088003,0.39054807673860004
59,Write an interesting fact about Japan.,7140,interesting,fact,5.083205986931091,6.437751649736401,38,6,6.333333333333333,6,0.16666666666666666,4.07829513845636,0.6797158564093932
62,Tell me one interesting fact about the given subject.,7386,interesting,fact,5.083205986931091,6.437751649736401,53,9,5.888888888888889,9,0.1111111111111111,3.578191740660537,0.397576860073393
128,Identify an interesting fact about Saturn.,13987,interesting,fact,5.083205986931091,6.437751649736401,42,6,7.0,6,0.16666666666666666,4.07829513845636,0.6797158564093932
359,Tell me an interesting fact about the country which provided you with the highest education.,43891,interesting,fact,5.083205986931091,6.437751649736401,92,15,6.133333333333334,14,0.07142857142857142,4.0496083267231855,0.27241002712702556
362,Provide an interesting fact about penguins.,44438,interesting,fact,5.083205986931091,6.437751649736401,43,6,7.166666666666667,6,0.16666666666666666,4.07829513845636,0.6797158564093932
94,Generate an interesting fact about the behavior of a physical system.,10257,interesting,fact,5.083205986931091,6.437751649736401,69,11,6.2727272727272725,11,0.09090909090909091,3.6622221279594793,0.3329292843599527
112,State one interesting fact from the text.,12458,interesting,fact,5.083205986931091,6.437751649736401,41,7,5.857142857142857,7,0.14285714285714282,3.8409749631877927,0.5487107090268275
268,Research a interesting fact about spiders and summarize it in two sentences.,29450,interesting,fact,5.083205986931091,6.437751649736401,76,12,6.333333333333333,12,0.08333333333333333,3.144192889903021,0.2620160741585851
168,Tell me an interesting fact about a species of animal.,17557,interesting,fact,5.083205986931091,6.437751649736401,54,10,5.4,10,0.1,3.522934686971439,0.3522934686971439
326,Add an interesting fact about the movie 'Titanic',37777,interesting,fact,5.083205986931091,6.437751649736401,49,8,6.125,8,0.125,3.704059378284103,0.4630074222855129
228,Describe an interesting fact about giraffes,24380,interesting,fact,5.083205986931091,6.437751649736401,43,6,7.166666666666667,6,0.16666666666666666,4.07829513845636,0.6797158564093932
274,State an interesting fact about the given place.,30351,interesting,fact,5.083205986931091,6.437751649736401,48,8,6.0,8,0.125,3.08320612176259,0.38540076522032374
266,Find an interesting fact about the planet Mars.,29236,interesting,fact,5.083205986931091,6.437751649736401,47,8,5.875,8,0.125,3.864906194291368,0.483113274286421
169,Tell me an interesting fact about the history of India.,17760,interesting,fact,5.083205986931091,6.437751649736401,55,10,5.5,10,0.1,3.4513730178074526,0.34513730178074525
273,Give me an interesting fact about sharks.,30210,interesting,fact,5.083205986931091,6.437751649736401,41,7,5.857142857142857,7,0.14285714285714282,4.172016366337911,0.5960023380482731
382,Tell us an interesting fact about the following topic,47061,interesting,fact,5.083205986931091,6.437751649736401,53,9,5.888888888888889,9,0.1111111111111111,3.354765412864779,0.37275171254053086
24,Tell me an interesting history fact about USA presidents,3038,interesting,fact,5.083205986931091,6.437751649736401,56,9,6.222222222222222,9,0.1111111111111111,5.00058520808941,0.555620578676601
56,Describe the process of collecting data for a marketing campaign,6901,marketing,campaign,5.0206856299497575,6.907755278982137,64,10,6.4,10,0.1,3.2164796269892197,0.32164796269892204
401,Design a social media marketing campaign for a luxury car company.,50129,marketing,campaign,5.0206856299497575,6.907755278982137,66,11,6.0,10,0.1,4.557221176787178,0.4220834696518302
8,Propose a marketing campaign for a new brand of energy drink.,1155,marketing,campaign,5.0206856299497575,6.907755278982137,61,11,5.545454545454546,10,0.1,3.6268185812687803,0.337501415513794
358,Design an online marketing campaign for a new phone game.,43807,marketing,campaign,5.0206856299497575,6.907755278982137,57,10,5.7,10,0.1,4.099871017838307,0.4099871017838307
281,Devise a marketing campaign to promote a children's toy company.,30977,marketing,campaign,5.0206856299497575,6.907755278982137,64,10,6.4,9,0.1111111111111111,3.3175727635211616,0.3431835416031766
284,Describe an impactful marketing campaign that leverages the power of social media.,31372,marketing,campaign,5.0206856299497575,6.907755278982137,82,12,6.833333333333333,12,0.08333333333333333,3.585373261628278,0.2987811051356898
11,Design an online marketing campaign to increase customer engagement.,1671,marketing,campaign,5.0206856299497575,6.907755278982137,68,9,7.555555555555555,9,0.1111111111111111,4.3540596497008455,0.48378440552231616
374,Brainstorm three creative marketing campaign ideas for a frozen food company.,46161,marketing,campaign,5.0206856299497575,6.907755278982137,77,11,7.0,11,0.09090909090909091,4.3816156063692695,0.39832869148811545
403,Generate 5 creative ideas for a marketing campaign,50186,marketing,campaign,5.0206856299497575,6.907755278982137,50,8,6.25,8,0.125,3.774272825674569,0.4717841032093211
368,Come up with a marketing campaign for an online shopping website.,45563,marketing,campaign,5.0206856299497575,6.907755278982137,65,11,5.909090909090909,11,0.09090909090909091,3.7716345491780356,0.3428758681070942
69,Create a marketing campaign for a new game console.,7989,marketing,campaign,5.0206856299497575,6.907755278982137,51,9,5.666666666666667,8,0.125,4.019057001165002,0.4592577392972896
334,"On a scale of 1 to 5, how effective do you think the new marketing campaign for our product is?",39811,marketing,campaign,5.0206856299497575,6.907755278982137,95,20,4.75,20,0.05000000000000001,3.9117893294900115,0.1955894664745006
406,"Given this hypothetical situation, provide a diplomatic response to resolve the conflict. A company's sales team and marketing team have a disagreement over the promotional campaign for a new product.",51528,marketing,campaign,5.0206856299497575,6.907755278982137,200,30,6.666666666666667,26,0.038461538461538464,4.216323844440245,0.15671551725006702
104,Design a marketing campaign for a new pin design.,11938,marketing,campaign,5.0206856299497575,6.907755278982137,49,9,5.444444444444445,8,0.125,3.697504114693988,0.42606881085630144
101,Generate a list of 6 important elements for a successful online marketing campaign,11245,marketing,campaign,5.0206856299497575,6.907755278982137,82,13,6.3076923076923075,12,0.08333333333333331,3.9516062801757545,0.30876395102795057
305,Create a marketing campaign slogan for a pet grooming business.,35190,marketing,campaign,5.0206856299497575,6.907755278982137,63,10,6.3,9,0.1111111111111111,4.564961666893856,0.4679224319404461
307,Create a list of 5 critical success factors for launching a successful digital marketing campaign,35783,marketing,campaign,5.0206856299497575,6.907755278982137,97,15,6.466666666666667,14,0.07142857142857142,4.53898803856504,0.3064079576546895
349,Choose a topic and create a creative approach for a marketing campaign for it.,42978,marketing,campaign,5.0206856299497575,6.907755278982137,78,14,5.571428571428571,11,0.09090909090909088,4.025437122435927,0.31373894816358855
120,Create a marketing campaign to promote a new food delivery service.,13545,marketing,campaign,5.0206856299497575,6.907755278982137,67,11,6.090909090909091,10,0.1,4.341729610119332,0.40249332722748044
146,Create an email marketing campaign to promote a new product.,16314,marketing,campaign,5.0206856299497575,6.907755278982137,60,10,6.0,10,0.1,4.14969015416869,0.4149690154168689
132,Create a marketing campaign that promotes ethical and sustainable items.,14395,marketing,campaign,5.0206856299497575,6.907755278982137,72,10,7.2,10,0.1,4.513851110612394,0.45138511106123946
289,Identify key elements of a successful marketing campaign,31851,marketing,campaign,5.0206856299497575,6.907755278982137,56,8,7.0,8,0.125,4.237992091735251,0.5297490114669063
122,Brainstorm three ideas for creating a marketing campaign for a summer movie.,13669,marketing,campaign,5.0206856299497575,6.907755278982137,76,12,6.333333333333333,10,0.1,3.5489523276998667,0.32300225076275124
332,Come up with 3 creative ideas for an experiential marketing campaign,39062,marketing,campaign,5.0206856299497575,6.907755278982137,68,11,6.181818181818182,11,0.09090909090909091,3.8669166996713025,0.3515378817883003
387,Give two pros and two cons of nuclear power.,47554,pros,cons,5.8781358618009785,6.119297918617867,44,9,4.888888888888889,8,0.125,3.952660893149186,0.48167744967111076
330,Evaluate the pros and cons of AI for medical diagnosis based on your research.,38573,pros,cons,5.8781358618009785,6.119297918617867,78,14,5.571428571428571,14,0.07142857142857141,3.7872115553408308,0.2705151110957736
262,Generate 3 pros and 3 cons for visiting a new city,29077,pros,cons,5.8781358618009785,6.119297918617867,50,11,4.545454545454546,10,0.1,3.3692341833649126,0.3471006467396187
325,List the pros and cons of using electric cars.,37742,pros,cons,5.8781358618009785,6.119297918617867,46,9,5.111111111111111,9,0.1111111111111111,3.8573095736392835,0.428589952626587
308,Generate pros and cons of cloning humans.,35960,pros,cons,5.8781358618009785,6.119297918617867,41,7,5.857142857142857,7,0.14285714285714282,3.5726124013134752,0.5103732001876393
397,List three pros and three cons of nuclear energy.,49453,pros,cons,5.8781358618009785,6.119297918617867,49,9,5.444444444444445,8,0.125,4.108379099378658,0.5162814954998823
306,What are the pros and cons of travelling by car?,35224,pros,cons,5.8781358618009785,6.119297918617867,48,10,4.8,10,0.1,3.8671328071387014,0.38671328071387023
327,Create a chart detailing the pros and cons of renting a house versus buying a house.,37808,pros,cons,5.8781358618009785,6.119297918617867,84,16,5.25,14,0.07142857142857142,4.413619571745137,0.2844209221723664
267,Summarize the pros and cons of a particular blogging platform.,29381,pros,cons,5.8781358618009785,6.119297918617867,62,10,6.2,10,0.1,3.162852029241725,0.31628520292417256
260,Research and compare the pros and cons of online education and traditional classroom education.,28449,pros,cons,5.8781358618009785,6.119297918617867,95,14,6.785714285714286,12,0.08333333333333331,4.772888720277078,0.363884050159383
321,Create a dialogue between two people discussing the pros and cons of having a pet.,37302,pros,cons,5.8781358618009785,6.119297918617867,82,15,5.466666666666667,14,0.07142857142857142,3.7193513828591,0.2517655139409602
396,Construct a table that highlights the pros and cons of artificial intelligence.,49335,pros,cons,5.8781358618009785,6.119297918617867,79,12,6.583333333333333,12,0.08333333333333333,3.3944753371645797,0.28287294476371494
329,Compare and contrast pros and cons of home ownership and renting.,38355,pros,cons,5.8781358618009785,6.119297918617867,65,11,5.909090909090909,9,0.1111111111111111,3.973880047696143,0.409972122813935
404,Generate an article discussing the pros and cons of eating organic food.,50392,pros,cons,5.8781358618009785,6.119297918617867,72,12,6.0,12,0.08333333333333333,4.209323945143249,0.35077699542860413
393,"From this article, identify some of the pros and cons of cloud computing",48922,pros,cons,5.8781358618009785,6.119297918617867,72,13,5.538461538461538,12,0.08333333333333331,3.6573414880846995,0.28660762150700486
310,Helen is considering becoming an English teacher. Describe the pros and cons of this job.,36099,pros,cons,5.8781358618009785,6.119297918617867,89,15,5.933333333333334,15,0.06666666666666667,3.2863729602299028,0.2190915306819935
286,What are the pros and cons of having credit cards?,31568,pros,cons,5.8781358618009785,6.119297918617867,50,10,5.0,10,0.1,4.221284475145728,0.4221284475145729
333,Compare the pros and cons of using a chatbot versus an app for customer service,39107,pros,cons,5.8781358618009785,6.119297918617867,79,15,5.266666666666667,15,0.06666666666666667,4.007081831089357,0.2671387887392904
355,Give me the pros and cons of a vegetarian diet,43533,pros,cons,5.8781358618009785,6.119297918617867,46,10,4.6,10,0.1,3.8795974001689606,0.3879597400168961
354,Create a list of five pros and five cons of the given technology.,43436,pros,cons,5.8781358618009785,6.119297918617867,65,13,5.0,11,0.09090909090909091,2.4415534325668706,0.21924185521752063
288,Describe the pros and cons of using an open source software.,31798,pros,cons,5.8781358618009785,6.119297918617867,60,11,5.454545454545454,11,0.09090909090909091,4.066898209229509,0.36971801902086443
319,"Given the following inputs, generate an editorial that discusses the pros and cons of the situation. Output the editorial.",37111,pros,cons,5.8781358618009785,6.119297918617867,122,19,6.421052631578948,16,0.0625,3.406056842099035,0.18618991214499706
291,Write an article on the pros and cons of social media usage.,32573,pros,cons,5.8781358618009785,6.119297918617867,60,12,5.0,12,0.08333333333333333,3.398360283944087,0.2831966903286739
292,What are the pros and cons of working from home?,32632,pros,cons,5.8781358618009785,6.119297918617867,48,10,4.8,10,0.1,3.5069304362903804,0.3506930436290381
293,Summarize this opinion column about the pros and cons of eating out.,32651,pros,cons,5.8781358618009785,6.119297918617867,68,12,5.666666666666667,12,0.08333333333333333,3.966491132250021,0.3305409276875018
351,List four pros and cons of pesticides in agriculture.,43019,pros,cons,5.8781358618009785,6.119297918617867,53,9,5.888888888888889,9,0.1111111111111111,3.301342992300109,0.3668158880333454
277,Compare two products and provide the pros and cons of each product.,30632,pros,cons,5.8781358618009785,6.119297918617867,67,12,5.583333333333333,11,0.09090909090909091,3.697829949402657,0.32303619865180866
275,Generate a travel blog article discussing the pros and cons of <mask> compared to the other tourist destination in India.,30369,pros,cons,5.8781358618009785,6.119297918617867,121,20,6.05,19,0.05263157894736843,4.132725127355233,0.20809793957504955
346,Generate a list of pros and cons for using Artificial Intelligence in healthcare.,42482,pros,cons,5.8781358618009785,6.119297918617867,81,13,6.230769230769231,13,0.0769230769230769,2.7300263055122476,0.21000202350094213
344,Analyze the pros and cons of using virtual reality technology in the classroom.,42433,pros,cons,5.8781358618009785,6.119297918617867,79,13,6.076923076923077,12,0.08333333333333331,3.8675813610622454,0.3008793736369909
342,Debate the pros and cons of the proposed soda tax.,42293,pros,cons,5.8781358618009785,6.119297918617867,50,10,5.0,9,0.1111111111111111,3.874357959809417,0.3947442120173812
341,Identify the pros and cons of using AI in healthcare.,41467,pros,cons,5.8781358618009785,6.119297918617867,53,10,5.3,10,0.1,2.9388550452030926,0.2938855045203093
337,List the pros and cons of using a laptop instead of traditional desktop computers.,40700,pros,cons,5.8781358618009785,6.119297918617867,82,14,5.857142857142857,13,0.0769230769230769,4.442242192707632,0.32175480542108814
364,Explain what the pros and cons are for owning a pet.,44642,pros,cons,5.8781358618009785,6.119297918617867,52,11,4.7272727272727275,11,0.09090909090909091,3.4019805244087635,0.309270956764433
272,Outline the main pros and cons for a given situation,29923,pros,cons,5.8781358618009785,6.119297918617867,52,10,5.2,10,0.1,3.1232100763346176,0.31232100763346177
271,Outline the pros and cons of this job application.,29640,pros,cons,5.8781358618009785,6.119297918617867,50,9,5.555555555555555,9,0.1111111111111111,3.0630768396642325,0.3403418710738036
270,Argue the pros and cons of implementing a carbon tax to combat climate change.,29581,pros,cons,5.8781358618009785,6.119297918617867,78,14,5.571428571428571,14,0.07142857142857141,3.9619959988459996,0.2829997142032857
298,Write an essay outlining the pros and cons of government intervention in the economy.,33167,pros,cons,5.8781358618009785,6.119297918617867,85,14,6.071428571428571,13,0.0769230769230769,3.0589417128306993,0.2216280149320954
300,Identify a few pros and cons of homeschooling.,33690,pros,cons,5.8781358618009785,6.119297918617867,46,8,5.75,8,0.125,3.4247966220945543,0.4280995777618193
302,State the pros and cons of implementing a more stringent emissions policy,33838,pros,cons,5.8781358618009785,6.119297918617867,73,12,6.083333333333333,12,0.08333333333333333,3.4340526468585053,0.2861710539048754
320,Create a list of pros and cons for the following policy.,37297,pros,cons,5.8781358618009785,6.119297918617867,56,11,5.090909090909091,11,0.09090909090909091,2.3317633229516623,0.21197848390469656
407,List 3 pros and 3 cons of eating a vegan diet.,51631,pros,cons,5.8781358618009785,6.119297918617867,46,11,4.181818181818182,10,0.1,4.282313601357497,0.43520869531588646
248,Analyze the pros and cons of displaying ads on a website.,26648,pros,cons,5.8781358618009785,6.119297918617867,57,11,5.181818181818182,11,0.09090909090909091,2.6388768799679956,0.2398978981789087
70,Explain the pros and cons of the Agile methodology.,8131,pros,cons,5.8781358618009785,6.119297918617867,51,9,5.666666666666667,8,0.125,2.945790913488053,0.33705465621392505
73,Comment on the pros and cons of owning a pet.,8311,pros,cons,5.8781358618009785,6.119297918617867,45,10,4.5,10,0.1,3.287023021329033,0.3287023021329033
93,Provide the pros and cons of the given situation.,10204,pros,cons,5.8781358618009785,6.119297918617867,49,9,5.444444444444445,8,0.125,2.746084297000667,0.31324093970722894
99,Weigh the pros and cons of protectionism.,10737,pros,cons,5.8781358618009785,6.119297918617867,41,7,5.857142857142857,7,0.14285714285714282,2.945790913488053,0.4208272733554361
110,Write a dialogue between two friends discussing the pros and cons of online classes.,12358,pros,cons,5.8781358618009785,6.119297918617867,84,14,6.0,14,0.07142857142857141,3.838087051619278,0.2741490751156627
111,Draft 5 questions discussing the pros and cons of the US healthcare system.,12359,pros,cons,5.8781358618009785,6.119297918617867,75,13,5.769230769230769,12,0.08333333333333331,3.99550357876143,0.3110943347952071
115,Make a list of 5 pros and cons for a plugin used to power a website,12888,pros,cons,5.8781358618009785,6.119297918617867,67,16,4.1875,14,0.07142857142857142,3.3437205974768838,0.21612395312421803
125,Analyze the pros and cons for the following investing strategy.,13839,pros,cons,5.8781358618009785,6.119297918617867,63,10,6.3,9,0.1111111111111111,3.6598007347920354,0.37224443008186586
126,Identify three pros and three cons of eating fast food.,13863,pros,cons,5.8781358618009785,6.119297918617867,55,10,5.5,9,0.1111111111111111,4.465417897543392,0.4926693063360779
134,Discuss the pros and cons of using a GPT-3 model.,14700,pros,cons,5.8781358618009785,6.119297918617867,49,10,4.9,10,0.1,2.8954517182557837,0.2895451718255783
140,Write a blog post about the pros and cons of replacing boring lectures with interactive presentations.,15463,pros,cons,5.8781358618009785,6.119297918617867,102,16,6.375,16,0.0625,3.390502110932772,0.21190638193329825
143,Compare and contrast the pros and cons of market economies and planned economies.,15674,pros,cons,5.8781358618009785,6.119297918617867,81,13,6.230769230769231,11,0.09090909090909091,3.4578320296038707,0.30131542886560386
145,Summarize two pros and two cons for buying a house.,16132,pros,cons,5.8781358618009785,6.119297918617867,51,10,5.1,9,0.1111111111111111,3.5839101582173223,0.3911712575838018
157,Summarize the pros and cons of solar energy,16861,pros,cons,5.8781358618009785,6.119297918617867,43,8,5.375,8,0.125,3.6017515164613334,0.4502189395576667
159,Generate a conversation about the pros and cons of social media.,17014,pros,cons,5.8781358618009785,6.119297918617867,64,11,5.818181818181818,11,0.09090909090909091,3.1835674666735563,0.2894152242430505
65,Name two pros and two cons of using artificial intelligence.,7481,pros,cons,5.8781358618009785,6.119297918617867,60,10,6.0,9,0.1111111111111111,3.756047088453136,0.40838495060738317
166,Write a blog post discussing the pros and cons of online learning.,17423,pros,cons,5.8781358618009785,6.119297918617867,66,12,5.5,12,0.08333333333333333,3.8047150842004527,0.31705959035003767
57,Produce a list of 3 pros and 3 cons for the given statement.,7058,pros,cons,5.8781358618009785,6.119297918617867,60,13,4.615384615384615,12,0.08333333333333331,2.4953118554316975,0.22302288408657697
50,Present the given issue from both sides and explain the pros and cons of each.,5607,pros,cons,5.8781358618009785,6.119297918617867,78,15,5.2,13,0.07692307692307693,3.7080790672857016,0.2596049370430334
2,Describe the pros and cons of the following policy,161,pros,cons,5.8781358618009785,6.119297918617867,50,9,5.555555555555555,8,0.125,3.1529392041503237,0.3572869744641052
9,Analyze the pros and cons of online shopping.,1170,pros,cons,5.8781358618009785,6.119297918617867,45,8,5.625,8,0.125,3.281799949561181,0.41022499369514764
10,Outline the pros and cons of technology-driven healthcare.,1355,pros,cons,5.8781358618009785,6.119297918617867,58,8,7.25,8,0.125,2.945790913488053,0.3682238641860066
13,Discuss the pros and cons of working from home as opposed to working in an office environment.,1885,pros,cons,5.8781358618009785,6.119297918617867,94,17,5.529411764705882,16,0.06249999999999999,3.564476159730667,0.2377954668548455
14,What are the pros and cons of using machine learning in AI?,2042,pros,cons,5.8781358618009785,6.119297918617867,59,12,4.916666666666667,12,0.08333333333333333,3.427576847044589,0.28563140392038244
19,Compose an essay about the pros and cons of the internet.,2477,pros,cons,5.8781358618009785,6.119297918617867,57,11,5.181818181818182,10,0.1,3.16629005936403,0.2928275617852114
26,Compile the pros and cons of a product.,3138,pros,cons,5.8781358618009785,6.119297918617867,39,8,4.875,8,0.125,2.5690884137506487,0.3211360517188311
30,"Evaluate the pros and cons of a multinational corporation operating a manufacturing facility in a developing country, and provide a final recommendation.",3331,pros,cons,5.8781358618009785,6.119297918617867,153,22,6.954545454545454,18,0.05555555555555555,4.181421017480223,0.20394401463910983
31,Create a list of 5 pros and cons based on the given opinion.,3379,pros,cons,5.8781358618009785,6.119297918617867,60,13,4.615384615384615,13,0.0769230769230769,2.5925838147587377,0.19942952421221058
33,What are the pros and cons of using a database management system?,3960,pros,cons,5.8781358618009785,6.119297918617867,65,12,5.416666666666667,12,0.08333333333333333,3.674453390405451,0.30620444920045425
37,Identify five pros and five cons of GMOs.,4298,pros,cons,5.8781358618009785,6.119297918617867,41,8,5.125,7,0.14285714285714285,3.4564379715076705,0.5068482527455702
38,List some pros and cons of using a hot air balloon for transportation.,4315,pros,cons,5.8781358618009785,6.119297918617867,70,13,5.384615384615385,13,0.0769230769230769,3.992207674818796,0.30709289806298434
41,Discuss the pros and cons of immigration in the US.,4604,pros,cons,5.8781358618009785,6.119297918617867,51,10,5.1,9,0.1111111111111111,3.305276381983312,0.33679199480099353
47,What are the pros and cons of eGPUs?,5056,pros,cons,5.8781358618009785,6.119297918617867,36,8,4.5,8,0.125,3.0879414812602346,0.3859926851575293
49,Write an essay summarizing the pros and cons of living in a big city.,5227,pros,cons,5.8781358618009785,6.119297918617867,69,14,4.928571428571429,14,0.07142857142857141,3.4832600904733284,0.24880429217666636
52,Explain the pros and cons of using a tablet computer.,5981,pros,cons,5.8781358618009785,6.119297918617867,53,10,5.3,10,0.1,2.8954517182557837,0.2895451718255783
174,Compose a 500 word essay discussing the pros and cons of genetically modified food,18163,pros,cons,5.8781358618009785,6.119297918617867,82,14,5.857142857142857,14,0.07142857142857141,4.33666120810141,0.30976151486438636
106,Make a list of the pros and cons of this career.,12177,pros,cons,5.8781358618009785,6.119297918617867,48,11,4.363636363636363,10,0.1,2.461594927761011,0.23157199246763313
176,Write a short essay discussing the pros and cons of electric vehicles.,18396,pros,cons,5.8781358618009785,6.119297918617867,70,12,5.833333333333333,12,0.08333333333333333,4.193897114011515,0.3494914261676263
186,Analyze the pros and cons of using a machine learning model for text summarization.,18846,pros,cons,5.8781358618009785,6.119297918617867,83,14,5.928571428571429,14,0.07142857142857141,3.5729383765413334,0.2552098840386667
200,What are the pros and cons of using static typing in a programming language?,20690,pros,cons,5.8781358618009785,6.119297918617867,76,14,5.428571428571429,14,0.07142857142857141,3.517222232070613,0.2512301594336152
225,Identify two pros and two cons of living in a rural area.,23686,pros,cons,5.8781358618009785,6.119297918617867,57,12,4.75,11,0.09090909090909091,2.9306287910747777,0.2681213255410739
213,Construct a dialogue about the pros and cons of travelling by plane.,22197,pros,cons,5.8781358618009785,6.119297918617867,68,12,5.666666666666667,12,0.08333333333333333,3.6311966866168555,0.30259972388473794
194,Generate an opinion article talking about the pros and cons of online classes.,20377,pros,cons,5.8781358618009785,6.119297918617867,78,13,6.0,13,0.0769230769230769,3.6172413507368515,0.2782493346720655
231,Describe the pros and cons of investing in gold.,24428,pros,cons,5.8781358618009785,6.119297918617867,48,9,5.333333333333333,9,0.1111111111111111,3.363199968855907,0.3736888854284341
242,Analyze the pros and cons of e-commerce business models.,26327,pros,cons,5.8781358618009785,6.119297918617867,56,9,6.222222222222222,9,0.1111111111111111,3.3669375535221797,0.3741041726135755
182,"Generate a random password that contains at least 8 characters, with one uppercase, one lowercase, and one number.",18736,random,password,5.683979847360021,7.1308988302963465,114,18,6.333333333333333,16,0.0625,3.947215233300804,0.2590091868272736
230,"Generate a random password with at least 8 characters, containing upper- and lowercase letters.",24404,random,password,5.683979847360021,7.1308988302963465,95,14,6.785714285714286,14,0.07142857142857141,4.5735507048783495,0.3266821932055964
202,Generate a random password of length 8 that contains at least one number and one special character.,20729,random,password,5.683979847360021,7.1308988302963465,99,17,5.823529411764706,16,0.06249999999999999,4.219090602130195,0.26470375690154785
113,"Using the given input, generate a random password that is secure and easy to remember.",12669,random,password,5.683979847360021,7.1308988302963465,86,15,5.733333333333333,15,0.06666666666666667,3.6295700119470564,0.24197133412980376
363,Build a random ten-digit password using numbers and special characters.,44634,random,password,5.683979847360021,7.1308988302963465,71,10,7.1,10,0.1,4.527515360364488,0.45275153603644874
221,"Generate a random password with length 8 and containing one capital letter, one number, and one special character.",22554,random,password,5.683979847360021,7.1308988302963465,114,18,6.333333333333333,15,0.06666666666666667,4.750631521908211,0.31176180846592466
339,"Please create a random password which contains 8 letters, 2 numbers and 2 symbols.",40745,random,password,5.683979847360021,7.1308988302963465,82,14,5.857142857142857,13,0.0769230769230769,4.171190453951742,0.32160779317040616
357,"Generate a random password using the following constraints: 15 characters, at least 1 uppercase letter and 1 special character.",43732,random,password,5.683979847360021,7.1308988302963465,127,19,6.684210526315789,18,0.055555555555555546,4.534118777195043,0.2570824742838444
84,Write a code to generate a random password with 8 characters.,9561,random,password,5.683979847360021,7.1308988302963465,61,11,5.545454545454546,10,0.1,4.220813451903929,0.39150094920789846
60,"Generate a random password of 7 characters, with at least one uppercase letter, one lowercase letter, one number and one special character.",7225,random,password,5.683979847360021,7.1308988302963465,139,22,6.318181818181818,18,0.05555555555555555,4.708570379058561,0.25232682612031454
46,"Create a password combining a random word, a special character and a number.",4965,random,password,5.683979847360021,7.1308988302963465,76,13,5.846153846153846,10,0.1,4.922130902024492,0.4012268577951904
383,"Generate a random password that meets the criteria of having upper case, lower case, and a number.",47226,random,password,5.683979847360021,7.1308988302963465,98,17,5.764705882352941,15,0.06666666666666667,4.5820368494248935,0.2728922456282468
74,Generate a random password using the following criteria:,8334,random,password,5.683979847360021,7.1308988302963465,56,8,7.0,8,0.125,3.4354583406571173,0.42943229258213966
238,Generate a random password for an online service,25754,random,password,5.683979847360021,7.1308988302963465,48,8,6.0,8,0.125,3.993023461327145,0.4991279326658931
316,"Generate a random password with 8 characters, consisting of lower and upper-case letters and numbers.",36924,random,password,5.683979847360021,7.1308988302963465,101,15,6.733333333333333,14,0.07142857142857142,4.278207608677596,0.2971208028731096
3,Generate a random password of 6 characters in length using only capital letters and numbers.,298,random,password,5.683979847360021,7.1308988302963465,92,15,6.133333333333334,15,0.06666666666666667,4.373054959678922,0.2915369973119281
6,Generate a random password of length 10,792,random,password,5.683979847360021,7.1308988302963465,39,7,5.571428571428571,7,0.14285714285714282,4.10342439856721,0.5862034855096014
398,Write a script to generate a random password that meets the following criteria.,49537,random,password,5.683979847360021,7.1308988302963465,79,13,6.076923076923077,12,0.08333333333333331,3.824530914821435,0.2994683466405998
388,Generate a random password 6 characters long,47627,random,password,5.683979847360021,7.1308988302963465,44,7,6.285714285714286,7,0.14285714285714282,5.211885546808465,0.7445550781154949
161,"Generate a random password with 8 characters containing at least one number, one special character, one capital letter and one lowercase letter.",17173,random,password,5.683979847360021,7.1308988302963465,144,22,6.545454545454546,19,0.05263157894736842,4.887781820764062,0.2579194074233271
294,How to generate a random password,32843,random,password,5.683979847360021,7.1308988302963465,33,6,5.5,6,0.16666666666666666,4.081242373807892,0.6802070623013152
264,Generate a random password with length 8 and complexity 4.,29132,random,password,5.683979847360021,7.1308988302963465,58,10,5.8,10,0.1,4.539276895782308,0.4539276895782308
66,"Given a table of customer orders with columns CustomerID, OrderID, OrderDate, and OrderAmount, write a SQL query to find the top 5 customers who have spent the most money.",7505,table,columns,7.824046010856292,6.119297918617867,171,29,5.896551724137931,27,0.037037037037037035,4.259974849111766,0.1488337549301471
7,"Given a table of daily stock prices with columns StockID, Date, and Price, write a SQL query to find the maximum price for each stock in the past 7 days.",926,table,columns,7.824046010856292,6.119297918617867,153,30,5.1,27,0.037037037037037035,4.105751651078248,0.1466119859997507
58,"Given a table of customer orders with columns CustomerID, OrderID, OrderDate, and OrderAmount, write a SQL query to find the top 5 customers who have spent the most money.",7060,table,columns,7.824046010856292,6.119297918617867,171,29,5.896551724137931,27,0.037037037037037035,4.259974849111766,0.1488337549301471
54,"Given a table of student grades with columns StudentID, CourseID, and Grade, write a SQL query to find the average grade for each student, rounded to the nearest integer.",6661,table,columns,7.824046010856292,6.119297918617867,170,29,5.862068965517241,26,0.03846153846153846,4.4063777664873465,0.1571768593559265
53,Create an HTML code to generate a table with 5 columns and 7 rows.,6214,table,columns,7.824046010856292,6.119297918617867,66,14,4.714285714285714,14,0.07142857142857141,3.904172281933277,0.2788694487095197
215,"Suppose you have a table named ""employees"" with columns ""employee_id"", ""name"", ""start_date"", ""salary"", and ""manager_id"". Write a SQL query to find the top 3 highest paid employees for each manager.",22305,table,columns,7.824046010856292,6.119297918617867,197,30,6.566666666666666,29,0.034482758620689655,4.179749506472213,0.14059456857696934
51,"Given a table of student grades with columns StudentID, CourseID, and Grade, write a SQL query to find the average grade for each student, rounded to the nearest integer.",5878,table,columns,7.824046010856292,6.119297918617867,170,29,5.862068965517241,26,0.03846153846153846,4.4063777664873465,0.1571768593559265
216,"Suppose you have a table named ""sales"" with columns ""product_id"", ""sale_date"", and ""sale_amount"". Write a SQL query to find the products that have had a consecutive increase in sales for at least 3 months.",22325,table,columns,7.824046010856292,6.119297918617867,205,34,6.029411764705882,31,0.03225806451612903,4.212856714873476,0.13165653205517183
15,"Given a table of transactions with columns TransactionID, ProductID, Quantity, and Price, write a SQL query to find the total revenue for each product.",2121,table,columns,7.824046010856292,6.119297918617867,151,24,6.291666666666667,23,0.0434782608695652,4.008902629938398,0.16882296352624476
17,"Given a table of Customer orders with columns CustomerID, OrderID, and OrderDate, write a SQL query to find the first order date for each customer.",2254,table,columns,7.824046010856292,6.119297918617867,147,25,5.88,24,0.041666666666666664,3.8514468603657406,0.15567099421477937
45,"Given a table of user logs with columns UserID, LoginTime, and LogoutTime, write a SQL query to find the longest time that any user has spent logged in.",4865,table,columns,7.824046010856292,6.119297918617867,152,28,5.428571428571429,26,0.038461538461538464,4.227998254210705,0.16352453556423885
222,"Suppose you have a table named ""logs"" with columns ""log_id"", ""user_id"", ""log_date"", and ""action"". Write a SQL query to find the users who have performed the same action more than once within a 24-hour period.",23119,table,columns,7.824046010856292,6.119297918617867,208,35,5.942857142857143,31,0.03225806451612903,4.61653953773414,0.14118428477417652
224,"Suppose you have a table named ""transactions"" with columns ""transaction_id"", ""customer_id"", ""transaction_date"", and ""amount"". Write a SQL query to find the customers who have made the largest percentage increase in spending from the previous month to the current month.",23333,table,columns,7.824046010856292,6.119297918617867,269,39,6.897435897435898,33,0.030303030303030304,4.671507889127073,0.12903206684085172
391,Create a table with five columns and five rows,47792,table,columns,7.824046010856292,6.119297918617867,46,9,5.111111111111111,8,0.125,3.145958299436789,0.3970388626720948
20,"Given a table of student grades with columns StudentID, CourseID, and Grade, write a SQL query to find the average grade for each course, rounded to the nearest integer.",2480,table,columns,7.824046010856292,6.119297918617867,169,29,5.827586206896552,26,0.03846153846153846,4.4063777664873465,0.1571768593559265
35,"Given a table of employee salaries with columns EmployeeID, Salary, and DepartmentID, write a SQL query to find the maximum salary for each department.",4015,table,columns,7.824046010856292,6.119297918617867,151,24,6.291666666666667,23,0.0434782608695652,4.113066933411888,0.17305812201731793
34,"Given a table of customer orders with columns CustomerID, OrderID, OrderDate, and OrderAmount, write a SQL query to find the top 5 customers who have made the largest orders.",4005,table,columns,7.824046010856292,6.119297918617867,174,29,6.0,27,0.037037037037037035,4.294632208139764,0.1500288362759401
211,"Suppose you have a table named ""orders"" with columns ""order_id"", ""customer_id"", ""order_date"", and ""amount"". Write a SQL query to find the average number of days between a customer's first and second orders.",21820,table,columns,7.824046010856292,6.119297918617867,206,32,6.4375,29,0.034482758620689655,4.1852180042668525,0.13568706220554091
23,"Given a table of orders with columns OrderID, CustomerID, and OrderDate, write a SQL query to find the number of orders each customer has made in the month of January.",2968,table,columns,7.824046010856292,6.119297918617867,167,30,5.566666666666666,25,0.04,3.9577415711058457,0.1484211891883692
25,"Given a table of employee salaries with columns EmployeeID, Salary, and DepartmentID, write a SQL query to find the average salary for each department.",3066,table,columns,7.824046010856292,6.119297918617867,151,24,6.291666666666667,23,0.0434782608695652,4.153840296974238,0.17475701216574915
28,"Given a table of customer transactions with columns CustomerID, TransactionID, and TransactionAmount, write a SQL query to find the total number of customers who have made transactions totaling over $1000.",3167,table,columns,7.824046010856292,6.119297918617867,205,30,6.833333333333333,27,0.037037037037037035,4.433664444819002,0.16426938986320588
32,"Given a table of movie ratings with columns MovieID, UserID, and Rating, write a SQL query to find the average rating for each movie, and return the results in descending order of average rating.",3820,table,columns,7.824046010856292,6.119297918617867,195,34,5.735294117647059,29,0.034482758620689655,4.252359858733795,0.13905873498299112
203,"Suppose you have a table named ""invoices"" with columns ""invoice_id"", ""customer_id"", ""invoice_date"", and ""amount"". Write a SQL query to find the top 5 customers who have the highest average invoice amount, excluding any customers who have made less than 10 purchases.",20822,table,columns,7.824046010856292,6.119297918617867,266,41,6.487804878048781,35,0.02857142857142857,4.58059560295342,0.1360172819772865
164,"Given a table of employee salaries with columns EmployeeID, Salary, StartDate, and EndDate, write a SQL query to rank employees based on their salary within each year they have worked, with 1 being the highest salary for each year.",17260,table,columns,7.824046010856292,6.119297918617867,231,39,5.923076923076923,35,0.02857142857142857,4.532624880690085,0.13065177794126115
155,"Given a table of employee salaries with columns EmployeeID, Salary, and DepartmentID, write a DELETE statement to remove all employees in the Finance department who have a salary less than $50,000.",16699,table,columns,7.824046010856292,6.119297918617867,197,31,6.354838709677419,29,0.03448275862068965,4.55352595314809,0.14889842052695781
116,"Given a table of orders with columns OrderID, CustomerID, OrderDate, and OrderAmount, write a SQL query to find the top 3 customers who have spent the most money in the past month, where the past month is defined as the 30 days preceding the current date.",12965,table,columns,7.824046010856292,6.119297918617867,255,46,5.543478260869565,39,0.025641025641025637,4.303394235347176,0.09910105170981424
154,"Given a table of product inventory with columns ProductID, WarehouseID, and Quantity, write a DELETE statement to remove all products in Warehouse 1 that have a quantity of 0.",16691,table,columns,7.824046010856292,6.119297918617867,175,29,6.0344827586206895,26,0.03846153846153845,4.34001833151734,0.15338852276591716
121,"Given a table of employee salaries with columns EmployeeID, Salary, StartDate, and EndDate, write a SQL query to find the maximum salary increase for each employee, where the salary increase is defined as the difference between the employee's highest salary and lowest salary, and the employee has worked for at least 2 years.",13630,table,columns,7.824046010856292,6.119297918617867,326,53,6.150943396226415,41,0.024390243902439025,4.046032370250144,0.0968446304261734
75,"Given a table of customer orders with columns CustomerID, OrderID, OrderDate, and OrderAmount, write a SQL query to find the top 5 customers who have spent the most money.",8386,table,columns,7.824046010856292,6.119297918617867,171,29,5.896551724137931,27,0.037037037037037035,4.259974849111766,0.1488337549301471
124,"Given a table of employee salaries with columns EmployeeID, Salary, StartDate, and EndDate, write an UPDATE statement to increase the salary of all employees who have worked for at least 2 years by 10%.",13833,table,columns,7.824046010856292,6.119297918617867,202,34,5.9411764705882355,33,0.030303030303030304,4.198693491850903,0.12426652341989489
199,"Suppose you have a table named ""stocks"" with columns ""stock_symbol"", ""stock_date"", ""stock_price"". Write a SQL query to find the stocks that have had the greatest increase in price from the beginning of 2022 to the end of 2022.",20563,table,columns,7.824046010856292,6.119297918617867,226,38,5.947368421052632,31,0.032258064516129024,4.085685365092713,0.1182628426476371
205,"Suppose you have a table named ""invoices"" with columns ""invoice_id"", ""customer_id"", ""invoice_date"", and ""amount"". Write a SQL query to find the top 5 customers who have the highest average invoice amount, excluding any customers who have made less than 10 purchases.",21471,table,columns,7.824046010856292,6.119297918617867,266,41,6.487804878048781,35,0.02857142857142857,4.58059560295342,0.1360172819772865
198,"Suppose you have a table named ""transactions"" with columns ""transaction_id"", ""customer_id"", ""transaction_date"", and ""amount"". Write a SQL query to find the customer with the highest total spend in the last 6 months, excluding any customers who have not made any transactions in the last 6 months.",20550,table,columns,7.824046010856292,6.119297918617867,296,46,6.434782608695652,36,0.027777777777777776,4.585855688229372,0.12198836815773197
197,"Suppose you have a table named ""employees"" with columns ""employee_id"", ""name"", ""start_date"", and ""department_id"". Write a SQL query to find the employee with the longest tenure in each department.",20512,table,columns,7.824046010856292,6.119297918617867,196,29,6.758620689655173,26,0.03846153846153846,4.0272437966498895,0.14731377093343123
196,"Suppose you have a table named ""sales"" with columns ""product_id"", ""sale_date"", and ""sale_amount"". Write a SQL query to find the top 5 products with the highest total sales in the month of December 2021.",20473,table,columns,7.824046010856292,6.119297918617867,202,34,5.9411764705882355,30,0.03333333333333333,4.157066316970817,0.12836776832673302
144,"Given a table of customer orders with columns OrderID, CustomerID, OrderDate, and OrderAmount, write an UPDATE statement to set the order amount to 0 for all orders that were placed more than 6 months ago and had an order amount of less than $100.",16082,table,columns,7.824046010856292,6.119297918617867,247,44,5.613636363636363,36,0.027777777777777776,4.487438568826173,0.12495850364893325
195,"Suppose you have a table named ""orders"" with columns ""order_id"", ""customer_id"", ""order_date"", and ""amount"". Write a SQL query to find the total amount of revenue generated by each customer in the year 2022.",20416,table,columns,7.824046010856292,6.119297918617867,206,33,6.242424242424242,31,0.032258064516129024,3.881202982245318,0.11916053235075343
147,"Given a table of product inventory with columns ProductID, WarehouseID, and Quantity, write an UPDATE statement to subtract 1 from the quantity of all products in Warehouse 1.",16335,table,columns,7.824046010856292,6.119297918617867,175,28,6.25,27,0.037037037037037035,3.99007635946917,0.1437914036559734
148,"Given a table of customer orders with columns OrderID, CustomerID, OrderDate, and OrderAmount, write an UPDATE statement to increase the order amount by 5% for all orders placed by customers who have placed at least 5 orders in the past year.",16338,table,columns,7.824046010856292,6.119297918617867,242,41,5.902439024390244,36,0.027777777777777776,4.229725822722025,0.12578624124159896
153,"Given a table of customer orders with columns OrderID, CustomerID, OrderDate, and OrderAmount, write a DELETE statement to remove all orders placed by customers who have not placed an order in the past year.",16650,table,columns,7.824046010856292,6.119297918617867,207,34,6.088235294117647,31,0.03225806451612903,4.076201968776403,0.13878213781315654
135,"Given a table of employee salaries with columns EmployeeID, Salary, and DepartmentID, write an UPDATE statement to increase the salary of all employees in the Sales department by 7%.",14979,table,columns,7.824046010856292,6.119297918617867,182,29,6.275862068965517,27,0.037037037037037035,4.362504224115186,0.15236925061992018
311,"Using basic HTML code, create a table with three columns and four rows.",36261,table,columns,7.824046010856292,6.119297918617867,71,13,5.461538461538462,13,0.0769230769230769,4.217855923190372,0.3244504556300286
149,"Given a table of employee salaries with columns EmployeeID, Salary, and DepartmentID, write a DELETE statement to remove all employees in the Sales department who have a salary less than the average salary of all employees in the department.",16343,table,columns,7.824046010856292,6.119297918617867,241,39,6.17948717948718,30,0.03333333333333333,4.6412545222443,0.14884673384395075
109,"Given a table of stock prices with columns StockID, Date, and Price, write a SQL query to find the longest consecutive streak of days where a stock's price has increased, for each stock.",12322,table,columns,7.824046010856292,6.119297918617867,186,33,5.636363636363637,30,0.03333333333333333,4.4002306625554075,0.1363081842119112
78,"Given a table of product sales with columns ProductID, SaleDate, and SaleAmount, write a SQL query to find the total sales for each product in the month of January.",8705,table,columns,7.824046010856292,6.119297918617867,164,29,5.655172413793103,24,0.041666666666666664,3.691176366816274,0.1518799438902921
81,"Given a table of employee salaries with columns EmployeeID, Salary, and DepartmentID, write a SQL query to find the minimum salary for each department.",8984,table,columns,7.824046010856292,6.119297918617867,151,24,6.291666666666667,23,0.0434782608695652,4.186758872735146,0.17612861948912029
82,"Given a table of customer orders with columns CustomerID, OrderID, and OrderDate, write a SQL query to find the number of orders placed by each customer in the month of January.",9048,table,columns,7.824046010856292,6.119297918617867,177,31,5.709677419354839,25,0.04,4.000536649823683,0.15270185649891566
89,"Given a table of daily stock prices with columns StockID, Date, and Price, write a SQL query to find the stocks whose prices have increased by at least 20% in the past month.",10043,table,columns,7.824046010856292,6.119297918617867,174,33,5.2727272727272725,30,0.033333333333333326,4.1113082825605405,0.1363744629604726
92,"Given a table of transactions with columns TransactionID, UserID, ProductID, and TransactionDate, write a SQL query to find the users who have made transactions with at least 3 different products in the past week.",10192,table,columns,7.824046010856292,6.119297918617867,213,34,6.264705882352941,30,0.03333333333333333,4.211099803677776,0.13975726041268405
210,"Suppose you have a table named ""sales"" with columns ""product_id"", ""sale_date"", and ""sale_amount"". Write a SQL query to find the average daily sales for each month in the year 2022.",21630,table,columns,7.824046010856292,6.119297918617867,180,30,6.0,28,0.03571428571428571,4.224877438515767,0.1427027160792755
98,"Identify the functions of table columns ""age"" and ""salary"".",10736,table,columns,7.824046010856292,6.119297918617867,59,9,6.555555555555555,9,0.1111111111111111,3.9676272577986538,0.44084747308873934
97,"Given a table of customer orders with columns OrderID, CustomerID, OrderDate, and OrderAmount, write a SQL query to find the running total of order amounts for each customer, sorted by customer and order date.",10731,table,columns,7.824046010856292,6.119297918617867,209,34,6.147058823529412,29,0.034482758620689655,4.164670937634033,0.14059388347374
102,"Given a table of employee salaries with columns EmployeeID, Salary, StartDate, and EndDate, write a SQL query to find the average salary of employees who have worked at least 6 months and have left the company within the past year.",11463,table,columns,7.824046010856292,6.119297918617867,231,40,5.775,34,0.029411764705882353,4.644087276447071,0.12401343511413841
108,"Given a table of product sales with columns ProductID, SaleDate, and SaleAmount, write a SQL query to find the top 5 products with the highest average daily sales in the past week.",12272,table,columns,7.824046010856292,6.119297918617867,180,32,5.625,27,0.037037037037037035,4.1726072508754255,0.14628112323119666
208,"Suppose you have a table named ""students"" with columns ""student_id"", ""name"", ""enrollment_date"", and ""graduation_date"". Write a SQL query to find the number of students who graduated in each month of the year 2022.",21553,table,columns,7.824046010856292,6.119297918617867,213,33,6.454545454545454,30,0.033333333333333326,3.6577229790920156,0.11358199450629383
399,Compare two serial numbers and classify them as identical or non-identical.,49659,them,classify,4.509860006183766,3.228926160721702,75,11,6.818181818181818,11,0.09090909090909091,3.2840358052413796,0.2985487095673981
170,"Given a list of books, classify them based on their genre.",17846,them,classify,4.509860006183766,3.228926160721702,58,11,5.2727272727272725,11,0.09090909090909091,2.718596978718682,0.24714517988351659
265,"Given the steps for making a cake, classify them according to their order.",29137,them,classify,4.509860006183766,3.228926160721702,74,13,5.6923076923076925,13,0.0769230769230769,3.1815231119897738,0.2447325470761364
165,"Given two choices, classify them into two different categories.",17378,them,classify,4.509860006183766,3.228926160721702,63,9,7.0,8,0.125,3.5635687693028544,0.4469435726635364
299,"Given a list of animals, classify them according to their taxonomic categories like Mammalia and Aves.",33227,them,classify,4.509860006183766,3.228926160721702,102,16,6.375,16,0.0625,3.1260124090216705,0.1953757755638544
244,Take a given list of stocks and classify them based on their performance,26358,them,classify,4.509860006183766,3.228926160721702,72,13,5.538461538461538,13,0.0769230769230769,2.5946711246427383,0.19959008651097987
261,"Given a list of product features, classify which of them are primary features and which of them are secondary features.",28476,them,classify,4.509860006183766,3.228926160721702,119,20,5.95,15,0.06666666666666668,3.573279970719941,0.23478696324073067
405,"Given the features, classify them into categories.",50403,them,classify,4.509860006183766,3.228926160721702,50,7,7.142857142857143,7,0.14285714285714282,2.9160115997789084,0.41657308568270124
243,Take a list of words and classify them into two groups,26357,them,classify,4.509860006183766,3.228926160721702,54,11,4.909090909090909,11,0.09090909090909091,2.8319788942467357,0.2574526267497032
72,"For each of the following vegetables, classify them by color.",8243,them,classify,4.509860006183766,3.228926160721702,61,10,6.1,10,0.1,2.6961331217539017,0.26961331217539014
226,Research about the events of the American Civil War and classify them into categories.,24034,them,classify,4.509860006183766,3.228926160721702,86,14,6.142857142857143,13,0.0769230769230769,2.828425824357638,0.20594563890220952
117,"Given a list of words, classify and group them into categories.",13317,them,classify,4.509860006183766,3.228926160721702,63,11,5.7272727272727275,11,0.09090909090909091,2.7798625273749873,0.2527147752159079
376,"For the given list of items, classify them into two categories.",46555,them,classify,4.509860006183766,3.228926160721702,63,11,5.7272727272727275,11,0.09090909090909091,2.2764936744797026,0.20695397040724567
285,"Given two inputs, classify them as either natural or machine generated.",31466,them,classify,4.509860006183766,3.228926160721702,71,11,6.454545454545454,11,0.09090909090909091,4.0775456235510745,0.37068596577737045
373,"Given a list of musical instruments, classify them into belonging to either wind or string categories.",46140,them,classify,4.509860006183766,3.228926160721702,102,16,6.375,16,0.0625,3.5121854017949916,0.21951158761218698
371,"Given a set of books, classify them into 3 subcategories.",45769,them,classify,4.509860006183766,3.228926160721702,57,10,5.7,10,0.1,3.151814340293211,0.3151814340293212
370,"Identify the different words in the sentence and classify them into noun, pronoun, verb, adverb and adjective.",45683,them,classify,4.509860006183766,3.228926160721702,110,17,6.470588235294118,15,0.06666666666666667,2.96265645189755,0.18630887877019586
257,"Given a list of items, classify them as either liquid or non-liquid",27860,them,classify,4.509860006183766,3.228926160721702,67,12,5.583333333333333,12,0.08333333333333333,3.47091003028489,0.28924250252374084
105,"Given a list of musical instruments, classify them as either string or percussion instruments",11997,them,classify,4.509860006183766,3.228926160721702,93,14,6.642857142857143,14,0.07142857142857141,2.478899850819262,0.17706427505851874
276,"Given categories of animals (mammal, reptile, fish, bird, amphibian), classify a squirrel into one of them",30563,them,classify,4.509860006183766,3.228926160721702,106,16,6.625,15,0.06666666666666667,3.4236899073415907,0.219336681045284
343,Collect data on the US presidential elections and classify them into appropriate categories.,42300,them,classify,4.509860006183766,3.228926160721702,92,13,7.076923076923077,13,0.0769230769230769,3.833726649730433,0.29490204997926406
63,"Given a variety of adjectives, classify them into three categories: negative, neutral and positive",7409,them,classify,4.509860006183766,3.228926160721702,98,14,7.0,14,0.07142857142857141,2.819834943667587,0.20141678169054195
279,Categorize the given items and classify them accordingly.,30946,them,classify,4.509860006183766,3.228926160721702,57,8,7.125,8,0.125,2.569124409435599,0.3211405511794499
390,"Given the following list, classify them into two groups.",47754,them,classify,4.509860006183766,3.228926160721702,56,9,6.222222222222222,9,0.1111111111111111,2.6298037110350427,0.292200412337227
280,"Given the following list of tasks, classify them into either low complexity or high complexity tasks.",30965,them,classify,4.509860006183766,3.228926160721702,101,16,6.3125,15,0.06666666666666667,3.7136593580496355,0.2707421520799154
